<application>
  <component name="ParameterNameHintsSettings">
    <blacklists>
      <blacklist language="PHP">
        <added pattern="\view(view,data,mergeData)" />
        <added pattern="\date(format,timestamp)" />
        <added pattern="\compact(varname,_)" />
        <added pattern="\Laravel\Lumen\Concerns\RoutesRequests.post(uri,action)" />
        <added pattern="\Laravel\Lumen\Concerns\RoutesRequests.get(uri,action)" />
        <added pattern="\app(make)" />
        <added pattern="\Laravel\Lumen\Http\ResponseFactory.json(data,status,headers,options)" />
        <added pattern="\App\Transformers\ResponseTransformer.successResponse(code,message,data)" />
        <added pattern="\App\Transformers\ResponseTransformer.errorResponse(code,message,errorObj)" />
        <added pattern="\round(val,precision,mode)" />
        <added pattern="\abs(number)" />
        <added pattern="\Illuminate\Routing\Redirector.guest(path,status,headers,secure)" />
        <added pattern="\Illuminate\Routing\Redirector.intended(default,status,headers,secure)" />
        <added pattern="\json_decode(json,assoc,depth,options)" />
        <added pattern="\Illuminate\Contracts\Routing\ResponseFactory.json(data,status,headers,options)" />
        <added pattern="\Illuminate\Database\Query\Builder.orderBy(column,direction)" />
        <added pattern="\Illuminate\Database\Eloquent\Builder.where(column,operator,value,boolean)" />
        <added pattern="\Illuminate\Database\Query\Builder.whereIn(column,values,boolean,not)" />
        <added pattern="\strtotime(time,now)" />
        <added pattern="\array_slice(array,offset,length,preserve_keys)" />
        <added pattern="\sin(arg)" />
        <added pattern="\cos(arg)" />
        <added pattern="\Illuminate\Database\Schema\Blueprint.increments(column)" />
        <added pattern="\Illuminate\Database\Schema\Blueprint.string(column,length)" />
        <added pattern="\Illuminate\Database\Schema\Blueprint.boolean(column)" />
        <added pattern="\Illuminate\Database\Schema\Blueprint.unsignedInteger(column,autoIncrement)" />
        <added pattern="\Illuminate\Database\Schema\Blueprint.float(column,total,places)" />
        <added pattern="\Illuminate\Database\Schema\Blueprint.integer(column,autoIncrement,unsigned)" />
        <added pattern="\Illuminate\Database\Schema\Blueprint.dateTime(column)" />
        <added pattern="\Illuminate\Database\Schema\Blueprint.date(column)" />
        <added pattern="\Illuminate\Database\Query\Builder.limit(value)" />
        <added pattern="\App\Services\RideService.driverStartedRide(rideId,status,lat,lng)" />
        <added pattern="\App\Services\RideRequestService.changeRideRequestStatus(rideRequestId,status)" />
        <added pattern="\Illuminate\Database\Eloquent\Concerns\HasRelationships.hasMany(related,foreignKey,localKey)" />
        <added pattern="\Illuminate\Database\Eloquent\Concerns\HasRelationships.belongsTo(related,foreignKey,ownerKey,relation)" />
        <added pattern="\Illuminate\Database\Eloquent\Concerns\HasRelationships.hasOne(related,foreignKey,localKey)" />
        <added pattern="\Illuminate\Database\Eloquent\Model.increment(column,amount,extra)" />
        <added pattern="\App\Repositories\DriverRepository.generateAccessToken(length)" />
        <added pattern="\App\Repositories\ClientRepository.generateAccessToken(length)" />
        <added pattern="\array_push(array,var,_)" />
        <added pattern="\curl_setopt(ch,option,value)" />
        <added pattern="\Illuminate\Database\Eloquent\Model.with(relations)" />
        <added pattern="\str_random(length)" />
        <added pattern="\Illuminate\Database\Seeder.call(class)" />
        <added pattern="\Illuminate\Database\Eloquent\Concerns\QueriesRelationships.withCount(relations)" />
        <added pattern="\Illuminate\Http\Concerns\InteractsWithInput.hasFile(key)" />
        <added pattern="\Illuminate\Database\Schema\Blueprint.longText(column)" />
        <added pattern="\DateTime.format(format)" />
        <added pattern="\substr(string,start,length)" />
        <added pattern="\mktime(hour,minute,second,month,day,year,is_dst)" />
        <added pattern="\number_format(number,decimals,dec_point,thousands_sep)" />
        <added pattern="\redirect(to,status,headers,secure)" />
        <added pattern="\array_key_exists(key,search)" />
        <added pattern="\Illuminate\Database\Eloquent\Builder.paginate(perPage,columns,pageName,page)" />
        <added pattern="\config(key,default)" />
        <added pattern="\ceil(value)" />
        <added pattern="\microtime(get_as_float)" />
        <added pattern="\env(key,default)" />
        <added pattern="\Illuminate\Support\Collection.sum(callback)" />
        <added pattern="\app(abstract,parameters)" />
        <added pattern="\Illuminate\Foundation\Application.make(abstract)" />
        <added pattern="\Illuminate\Database\Query\Builder.take(value)" />
        <added pattern="\Illuminate\Database\Query\Builder.select(columns)" />
        <added pattern="\Illuminate\Support\Collection.where(key,operator,value)" />
        <added pattern="\Illuminate\Database\Query\Builder.sum(column)" />
        <added pattern="\Illuminate\Database\Eloquent\Builder.orWhere(column,operator,value)" />
        <added pattern="\Illuminate\Database\Query\Builder.whereMonth(column,operator,value,boolean)" />
        <added pattern="\Illuminate\Database\Query\Builder.whereYear(column,operator,value,boolean)" />
      </blacklist>
    </blacklists>
  </component>
</application>